segment_index,ecg_peak_count,ppg_peak_count,ecg_heart_rate_bpm,ppg_heart_rate_bpm,fused_heart_rate_bpm,ecg_sqi,ppg_sqi,fused_hrv_source,ecg_interval_count,ecg_mean_nn_seconds,ecg_sdnn_seconds,ecg_rmssd_seconds,ecg_pnn50_percent,ppg_interval_count,ppg_mean_nn_seconds,ppg_sdnn_seconds,ppg_rmssd_seconds,ppg_pnn50_percent,fused_interval_count,fused_mean_nn_seconds,fused_sdnn_seconds,fused_rmssd_seconds,fused_pnn50_percent
0,60,59,118.1575,118.0141,118.0852,0.8371,0.8524,weighted_ecg_ppg,59,0.5078,0.0050,0.0077,0.0000,58,0.5084,0.0074,0.0122,0.0000,58,0.5082,0.0048,0.0074,0.0000
1,56,55,110.5602,110.3542,110.4549,0.8062,0.8431,weighted_ecg_ppg,55,0.5427,0.0142,0.0126,0.0000,54,0.5437,0.0166,0.0178,1.8868,54,0.5433,0.0138,0.0114,0.0000
2,54,54,107.2296,107.1140,107.1699,0.8105,0.8637,weighted_ecg_ppg,53,0.5595,0.0043,0.0068,0.0000,53,0.5602,0.0066,0.0105,0.0000,53,0.5599,0.0039,0.0056,0.0000
3,56,56,110.9766,110.8871,110.9310,0.8136,0.8432,weighted_ecg_ppg,55,0.5407,0.0161,0.0280,5.5556,55,0.5411,0.0153,0.0253,3.7037,55,0.5409,0.0084,0.0098,0.0000
4,53,53,106.6448,106.5574,106.6014,0.8225,0.8123,weighted_ecg_ppg,52,0.5626,0.0188,0.0267,7.8431,52,0.5631,0.0195,0.0265,7.8431,52,0.5628,0.0137,0.0132,0.0000
5,56,56,110.9467,110.8871,110.9168,0.8322,0.8372,weighted_ecg_ppg,55,0.5408,0.0093,0.0081,0.0000,55,0.5411,0.0107,0.0100,0.0000,55,0.5409,0.0088,0.0057,0.0000
6,57,57,113.8211,113.6979,113.7583,0.8145,0.8474,weighted_ecg_ppg,56,0.5271,0.0156,0.0236,5.4545,56,0.5277,0.0145,0.0213,3.6364,56,0.5274,0.0103,0.0114,0.0000
7,58,58,116.0109,116.0423,116.0267,0.8383,0.8490,weighted_ecg_ppg,57,0.5172,0.0086,0.0061,0.0000,57,0.5171,0.0102,0.0086,0.0000,57,0.5171,0.0088,0.0054,0.0000
8,59,59,116.8726,116.9041,116.8885,0.8232,0.8413,weighted_ecg_ppg,58,0.5134,0.0077,0.0072,0.0000,58,0.5132,0.0087,0.0098,0.0000,58,0.5133,0.0069,0.0050,0.0000
9,62,61,122.4900,122.6158,122.5531,0.8327,0.8397,weighted_ecg_ppg,61,0.4898,0.0049,0.0054,0.0000,60,0.4893,0.0072,0.0085,0.0000,60,0.4896,0.0054,0.0051,0.0000
10,36,36,71.3315,71.1382,71.2313,0.8372,0.9007,weighted_ecg_ppg,35,0.8411,0.0226,0.0347,11.7647,35,0.8434,0.0238,0.0359,14.7059,35,0.8423,0.0151,0.0191,2.9412
11,36,36,71.6430,71.5844,71.6126,0.8261,0.8909,weighted_ecg_ppg,35,0.8375,0.0352,0.0543,32.3529,35,0.8382,0.0344,0.0529,29.4118,35,0.8378,0.0218,0.0230,2.9412
12,35,35,69.2558,69.6341,69.4490,0.8382,0.8748,weighted_ecg_ppg,34,0.8664,0.0278,0.0340,6.0606,34,0.8616,0.0270,0.0400,12.1212,34,0.8639,0.0202,0.0262,9.0909
13,38,38,76.5728,76.2572,76.4120,0.8113,0.8434,weighted_ecg_ppg,37,0.7836,0.0389,0.0481,25.0000,37,0.7868,0.0440,0.0590,27.7778,37,0.7852,0.0305,0.0289,13.8889
14,38,38,75.7576,75.7990,75.7789,0.8325,0.8848,weighted_ecg_ppg,37,0.7920,0.0092,0.0069,0.0000,37,0.7916,0.0107,0.0121,0.0000,37,0.7918,0.0092,0.0077,0.0000
15,38,38,75.3462,75.2849,75.3147,0.8401,0.8873,weighted_ecg_ppg,37,0.7963,0.0081,0.0117,0.0000,37,0.7970,0.0144,0.0227,2.7778,37,0.7967,0.0078,0.0110,0.0000
16,36,36,70.9651,70.8502,70.9061,0.8118,0.8579,weighted_ecg_ppg,35,0.8455,0.0398,0.0586,35.2941,35,0.8469,0.0497,0.0837,55.8824,35,0.8462,0.0278,0.0359,17.6471
17,33,35,69.1553,69.2182,69.1876,0.8388,0.8872,ppg_only,31,0.8676,0.0085,0.0074,0.0000,34,0.8668,0.0477,0.0806,9.0909,34,0.8668,0.0477,0.0806,9.0909
18,35,35,69.5961,69.5012,69.5472,0.8515,0.9052,weighted_ecg_ppg,34,0.8621,0.0113,0.0089,0.0000,34,0.8633,0.0127,0.0095,0.0000,34,0.8627,0.0115,0.0074,0.0000
19,36,39,77.6492,77.7626,77.7073,0.8467,0.8902,ppg_only,34,0.7727,0.0066,0.0062,0.0000,38,0.7716,0.0091,0.0099,0.0000,38,0.7716,0.0091,0.0099,0.0000
20,39,42,80.2817,82.5282,81.4656,0.7650,0.8524,ppg_only,38,0.7474,0.1135,0.1659,5.4054,41,0.7270,0.0156,0.0136,0.0000,41,0.7270,0.0156,0.0136,0.0000
21,39,40,80.3882,80.3351,80.3610,0.8497,0.8920,ppg_only,37,0.7464,0.0119,0.0148,2.7778,39,0.7469,0.0142,0.0171,0.0000,39,0.7469,0.0142,0.0171,0.0000
22,40,40,79.5269,79.4405,79.4825,0.8335,0.8835,weighted_ecg_ppg,39,0.7545,0.0058,0.0073,0.0000,39,0.7553,0.0077,0.0104,0.0000,39,0.7549,0.0055,0.0061,0.0000
23,42,42,82.9736,82.9064,82.9392,0.8379,0.8783,weighted_ecg_ppg,41,0.7231,0.0047,0.0062,0.0000,41,0.7237,0.0074,0.0112,0.0000,41,0.7234,0.0044,0.0046,0.0000
24,41,41,81.6993,81.6993,81.6993,0.8445,0.9046,weighted_ecg_ppg,40,0.7344,0.0061,0.0068,0.0000,40,0.7344,0.0063,0.0082,0.0000,40,0.7344,0.0055,0.0061,0.0000
25,52,52,105.1691,107.2041,106.2247,0.7839,0.8448,weighted_ecg_ppg,51,0.5705,0.0799,0.1138,4.0000,50,0.5597,0.0088,0.0113,0.0000,50,0.5650,0.0406,0.0577,4.0816
26,51,53,101.4885,105.4624,103.5908,0.7317,0.8219,ppg_only,50,0.5912,0.1149,0.1173,4.0816,52,0.5689,0.0126,0.0217,3.9216,52,0.5689,0.0126,0.0217,3.9216
27,54,55,107.0851,109.0762,108.1338,0.7813,0.8694,weighted_ecg_ppg,53,0.5603,0.0751,0.1069,3.8462,54,0.5501,0.0054,0.0093,0.0000,53,0.5548,0.0358,0.0512,3.8462
28,53,54,106.1224,107.7820,106.9861,0.7701,0.8357,weighted_ecg_ppg,52,0.5654,0.0763,0.1087,3.9216,53,0.5567,0.0122,0.0150,1.9231,52,0.5607,0.0369,0.0526,3.9216
29,52,52,103.1832,103.1275,103.1544,0.8219,0.8795,weighted_ecg_ppg,51,0.5815,0.0049,0.0072,0.0000,51,0.5818,0.0070,0.0106,0.0000,51,0.5817,0.0042,0.0052,0.0000
